track_index,instrument,vid,piece,start_time,duration
3,va,32,Fugue,0.0,187.2
3,va,25,Pirates,0.0,48.375
3,va,24,Pirates,0.0,48.375
4,va,44,K515,0.0,411.0
3,va,38,Jerusalem,0.0,123.0
3,va,39,Jerusalem,0.0,123.0
3,va,13,Hark,0.0,48.0
3,va,44,K515,0.0,411.0
3,va,37,Rondeau,0.0,125.21590909090908
3,va,35,Rondeau,0.0,125.21590909090908
3,va,36,Rondeau,0.0,125.21590909090908
